{
    "condition": "location_check",
    "predicate": {
        "position": {
            "y": {
                "max":0.999999999999999999999999999999,
                "min":-0.999999999999999999999999999999
            }
        }
    }
}